{
  "@context": "http://www.w3.org/ns/csvw#",
  "rdfs:comment": [
    "This schema was created by staff of the U.S. Securities and Exchange Commission. Data and content created by government employees within the scope of their employment are not subject to domestic copyright protection. 17 U.S.C. 105."
  ],
  "dialect": {
    "header": true,
    "headerRowCount": 1,
    "delimiter": ","
  },
  "tables": [
    {
      "tableSchema": {
        "primaryKey": [
          "DsgntParticipant",
          "RprtEntityCd",
          "RptDate",
          "Sp500",
          "OrderType",
          "OrderSize"
        ],
        "columns": [
          {
            "name": "DsgntParticipant",
            "rdfs:comment": [{"=fc":1}],
            "required": true,
            "datatype": {
              "base": "token",
              "format": "^[A-Z]+$"
            },
            "titles": [
              "Designated Participant"
            ],
            "dc:description": "The code identifying the Participant that is acting as Designated Participant for the market center, broker, or dealer, as follows: A - AMEX Z - BATS Y - BYX B - BSE W - CBOE M - CHX C - CSE J - EDGA K - EDGX I - ISE Q - NASDAQ T - FINRA N - NYSE P - ARCA X - PHLX V - IEX  L - LTSE H - MIAX U - MEMX."
          },
          {
            "name": "RprtEntityCd",
            "rdfs:comment": [{"=fc":2}],
            "type": "string",
            "required": true,
            "datatype": {
              "base": "token",
              "format": "^[A-Z]+$"
            },
            "titles": [
              "Market Center, Broker, or Dealer Code"
            ],
            "dc:description": "The code identifying the market center, broker, or dealer, as assigned by a Designated Participant"
          },
          {
            "name": "RptDate",
            "rdfs:comment": [{"=fc":3}],
            "required": true,
            "datatype": {
              "base": "int",
							"format": "^20[2-9]\\d(0[1-9]|1[012])$",
							"minimum": 202501,
							"exclusiveMaximum": 209913
            },
            "titles": [
              "Report Date"
            ],
            "dc:description": "Six-digit code YYYYMM identifying the calendar month of trading for the market center, broker's or dealer's report contained in the table"
          },
          {
            "name": "Sp500",
            "rdfs:comment": [],
            "datatype": {
              "base": "token",
              "format": "Y|N"
            },
            "required": true,
            "titles": [
              "S&P 500 Flag"
            ],
            "dc:description": "Y: NMS stocks that are included in the S&P 500 Index as of the first day of that month; N: other NMS stocks"
          },
          {
            "name": "OrderType",
            "rdfs:comment": [{"=fc":7}],
            "required": true,
            "datatype": {
              "base": "token",
              "format": "MXXNN|LYNNN"
            },
            "titles": [
              "Order Type"
            ],
            "dc:description": "MXXNN: market orders; LYNNN: marketable limit orders. Exclude other order types (e.g. IOC, FOK)."
          },
          {
            "name": "OrderSize",
            "rdfs:comment": [{"=fc":6}],
            "datatype": {
              "base": "token",
              "format": "^(0|250|1000|5000|10000|20000|50000|199999|200000)$"
            },
            "required": true,
            "titles": [
              "Order Size (USD)"
            ],
            "dc:description": "0: less than $250; 250: $250 to less than $1,000, 1000: $1,000 to less than $5,000; 5000: $5,000 to less than $10,000, 10000: $10,000 to less than $20,000; 20000: $20,000 to less than $50,000; 50000: $50,000 to less than $200,000; 200000: $200,000 or more; 199999: all order sizes combined, excluding orders with a notional value of $200,000 or more"
          },
          {
            "name": "AvgOrderQty",
            "rdfs:comment": [{"~fc":10}],
            "datatype": {
              "base": "float",
              "minimum": 0.0,
              "format": "^[+-]?(\\d+(\\.\\d{0,6})?([eE][+-]?\\d+)?)?$"
            },
            "required": true,
            "titles": [
              "Average Order Size (Shares)"
            ],
            "dc:description": "(i) The average order size in shares"
          },
          {
            "name": "AvgOrderSize",
            "rdfs:comment": [{"~fc":9}],
            "required": true,
            "datatype": {
              "base": "float",
              "minimum": 0.0,
              "format": "^[+-]?(\\d+(\\.\\d{0,6})?([eE][+-]?\\d+)?)?$"
            },
            "titles": [
              "Average Notional Order Size (USD)"
            ],
            "dc:description": "(ii) The average notional order size"
          },
          {
            "name": "ExctdOrderMidPtAvg",
            "rdfs:comment": [{"=fc":32}],
            "required": true,
            "datatype": {
              "base": "float",
              "format": "^[+-]?(\\d+(\\.\\d{0,6})?([eE][+-]?\\d+)?)?$"
            },
            "titles": [
              "Share-weighted Average Midpoint (USD)"
            ],
            "dc:description": "(iii) For executions of covered orders, the average midpoint"
          },
          {
            "name": "PctExctdAtQuotOrBetter",
            "rdfs:comment": [],
            "required": true,
            "datatype": {
              "base": "float",
              "minimum": 0.0,
              "maximum": 1.0,
              "format": "^[+-]?(\\d+(\\.\\d{0,6})?([eE][+-]?\\d+)?)?$"
            },
            "titles": [
              "% Shares Executed at Quote or Better"
            ],
            "dc:description": "(iv) For executions of covered orders, the percentage of shares executed at the quote or better"
          },
          {
            "name": "PctExctdPI",
            "rdfs:comment": [{"~fc":37}],
            "required": true,
            "datatype": {
              "base": "float",
              "minimum": 0.0,
              "maximum": 1.0,
              "format": "^[+-]?(\\d+(\\.\\d{0,6})?([eE][+-]?\\d+)?)?$"
            },
            "titles": [
              "% Shares Executed with Price Improvement"
            ],
            "dc:description": "(v) For executions of covered orders, the percentage of shares that received price improvement"
          },
          {
            "name": "WghtdAvgPctPI",
            "rdfs:comment": [{"~fc":38}],
            "required": true,
            "datatype": {
              "base": "float",
              "maximum": 2.0,
              "format": "^[+-]?(\\d+(\\.\\d{0,6})?([eE][+-]?\\d+)?)?$"
            },
            "titles": [
              "Share-weighted Average % Price Improvement"
            ],
            "dc:description": "(vi) For executions of covered orders, the share-weighted average percentage price improvement, calculated as the cumulative amount that prices were improved less the cumulative amount that prices were executed outside the quote divided by sum of the average midpoint times the number of shares executed"
          },
          {
            "name": "AvgEffctvSprdPct",
            "rdfs:comment": [{"=fc":35}],
            "required": true,
            "datatype": {
              "base": "float",
              "minimum": -2.0,
             "format": "^[+-]?(\\d+(\\.\\d{0,6})?([eE][+-]?\\d+)?)?$"
            },
            "titles": [
              "Average % Effective Spread"
            ],
            "dc:description": "(vii) For executions of covered orders, the average percentage effective spread (-1.0 to 1.0)"
          },
          {
            "name": "AvgPctQuotSprd",
            "required": true,
            "datatype": {
              "base": "float",
              "minimum": 0.0,
              "format": "^[+-]?(\\d+(\\.\\d{0,6})?([eE][+-]?\\d+)?)?$"
            },
            "titles": [
              "Average % Quoted Spread"
            ],
            "dc:description": "(viii) For executions of covered orders, the average percentage quoted spread, calculated as the average quoted spread divided by the average midpoint for such orders (-1.0 to 1.0)"
          },
          {
            "name": "AvgEFQPct",
            "required": true,
            "null": ["","nan","NaN","inf","+inf","-inf"],
            "datatype": {
              "base": "float",
              "format": "^[+-]?(\\d+(\\.\\d{0,6})?([eE][+-]?\\d+)?)?$"
            },
            "titles": [
              "Average Effective / Average Quoted Spread %"
            ],
            "dc:description": "(ix) For executions of covered orders, the average effective spread divided by the average quoted spread, expressed as a percentage"
          },
          {
            "name": "AvgRealSprdPct15sec",
            "required": true,
            "null": ["","nan","NaN","inf","+inf","-inf"],
            "datatype": {
              "base": "float",
              "format": "^[+-]?(\\d+(\\.\\d{0,6})?([eE][+-]?\\d+)?)?$"
            },
            "titles": [
              "Average % Realized Spread after 15 Seconds"
            ],
            "dc:description": "(x) For executions of covered orders, the average percentage realized spread as calculated 15 seconds after the time of execution"
          },
          {
            "name": "AvgRealSprdPct1min",
            "required": true,
            "datatype": {
              "base": "float",
              "format": "^[+-]?(\\d+(\\.\\d{0,6})?([eE][+-]?\\d+)?)?$"
            },
            "titles": [
              "Average % Realized Spread after 1 Minute"
            ],
            "dc:description": "(xi) For executions of covered orders, the average percentage realized spread as calculated 1 minute after the time of execution"
          },
          {
            "name": "WghtdAvgExctnTime",
            "required": true,
            "datatype": {
              "base": "float",
              "minimum": 0,
              "format": "^[+-]?(\\d+(\\.\\d{0,6})?([eE][+-]?\\d+)?)?$"
            },
            "titles": [
              "Share-weighted Average Execution Speed (msec)"
            ],
            "dc:description": "(xii) For executions of covered orders, the share-weighted average execution speed, in milliseconds"
          }
        ]
      }
    }
  ]
}